158	0.00
157	0.00
156	0.00
155	0.00
154	0.00
153	0.00
152	0.00
151	0.00
150	0.00
149	0.00
148	0.00
147	0.00
146	0.00
145	0.00
144	0.00
143	0.00
142	0.00
141	0.00
140	0.00
139	0.00
138	0.00
137	0.00
136	0.00
135	0.00
134	0.00
133	0.00
132	0.00
131	0.00
130	0.00
129	0.00
128	0.00
127	0.00
126	0.00
125	0.00
124	0.00
123	0.00
122	0.00
121	0.00
120	0.00
119	0.00
118	0.00
117	0.00
116	0.00
115	0.00
114	0.00
113	0.00
112	0.00
111	0.00
110	0.00
109	0.00
108	0.00
107	0.00
106	0.00
105	0.00
104	0.00
103	0.00
102	0.00
101	0.00
100	0.00
99	0.00
98	0.00
97	0.00
96	0.00
95	0.00
94	0.00
93	0.00
92	0.00
91	0.00
90	0.00
89	0.00
88	0.00
87	0.00
86	0.00
85	0.00
84	0.00
83	0.00
82	0.00
81	0.00
80	0.00
79	0.00
78	0.00
77	0.00
76	0.00
75	0.00
74	0.00
73	0.00
72	0.00
71	0.00
70	0.00
69	0.00
68	0.00
67	0.01
66	0.01
65	0.01
64	0.01
63	0.01
62	0.01
61	0.02
60	0.02
59	0.03
58	0.03
57	0.04
56	0.05
55	0.06
54	0.07
53	0.08
52	0.10
51	0.12
50	0.14
49	0.17
48	0.20
47	0.23
46	0.27
45	0.30
44	0.34
43	0.39
42	0.43
41	0.48
40	0.52
39	0.57
38	0.62
37	0.66
36	0.71
35	0.75
34	0.79
33	0.82
32	0.85
31	0.88
30	0.90
29	0.93
28	0.94
27	0.96
26	0.97
25	0.98
24	0.98
23	0.99
22	0.99
21	0.99
20	1.00
19	1.00
18	1.00
17	1.00
16	1.00
15	1.00
14	1.00
13	1.00
12	1.00
11	1.00
10	1.00
9	1.00
8	1.00
7	1.00
6	1.00
5	1.00
4	1.00
3	1.00
2	1.00
1	1.00
0	1.00
