plot_column	counts_file
ref_hg38	ref_hg38_trinuc.merged.tsv
hidef_rerun_7614	hidef_rerun_trinuc.merged.tsv
udseq_clean_7614	udseq_clean_7614_trinuc.merged.tsv
udseq_clean_30x_7614	udseq_clean_30x_trinuc.merged.tsv
udseq_clean_6566	udseq_clean_6566_trinuc.merged.tsv
nanoseq_clean_7614	nanoseq_clean_7614_trinuc.merged.tsv
nanoseq_clean_6566	nanoseq_clean_6566_trinuc.merged.tsv
ppmseq_7614	ppmseq_7614_trinuc.merged.tsv
ppmseq_30x_7614	ppmseq_30x_trinuc.merged.tsv
ppmseq_100x_7614	ppmseq_100x_trinuc.merged.tsv
ppmseq_200x_7614	ppmseq_200x_trinuc.merged.tsv
ppmseq_6566	ppmseq_6566_trinuc.merged.tsv
illumina_7614	illumina_full_trinuc.merged.tsv
illumina_30x_7614	illumina_30x_trinuc.merged.tsv
illumina_100x_7614	illumina_100x_trinuc.merged.tsv
illumina_200x_7614	illumina_200x_trinuc.merged.tsv
illumina_6566_blood	illumina_6566_blood_trinuc.merged.tsv
illumina_6566_sperm	illumina_6566_sperm_trinuc.merged.tsv
PTA_01_7614	PTA_01_trinuc.merged.tsv
PTA_02_7614	PTA_02_trinuc.merged.tsv
PTA_03_7614	PTA_03_trinuc.merged.tsv
PTA_04_7614	PTA_04_trinuc.merged.tsv
PTA_05_7614	PTA_05_trinuc.merged.tsv
PTA_06_7614	PTA_06_trinuc.merged.tsv
PTA_07_7614	PTA_07_trinuc.merged.tsv
PTA_08_7614	PTA_08_trinuc.merged.tsv
PTA_09_7614	PTA_09_trinuc.merged.tsv
PTA_10_7614	PTA_10_trinuc.merged.tsv
PTA_11_7614	PTA_11_trinuc.merged.tsv
PTA_12_7614	PTA_12_trinuc.merged.tsv
PTA_13_7614	PTA_13_trinuc.merged.tsv
PTA_14_7614	PTA_14_trinuc.merged.tsv
PTA_15_7614	PTA_15_trinuc.merged.tsv
PTA_16_7614	PTA_16_trinuc.merged.tsv
