MutationType	DUPLEX_HIDEFSEQ	DUPLEX_NANOSEQ	DUPLEX_PPMSEQ	DUPLEX_UDSEQ	ILLUMINA	existing_any_PTA1_16
A[C>A]A	73	69	1430	234	189	41
A[C>A]C	13	34	752	123	35	13
A[C>A]G	2	11	275	39	52	14
A[C>A]T	14	40	870	136	66	37
A[C>G]A	6	50	842	144	45	35
A[C>G]C	3	24	451	53	8	20
A[C>G]G	1	11	318	36	4	18
A[C>G]T	4	42	768	114	28	34
A[C>T]A	635	225	1408	894	93	221
A[C>T]C	197	83	1772	323	40	61
A[C>T]G	86	268	2768	655	135	85
A[C>T]T	427	107	1575	283	79	94
A[T>A]A	17	39	1055	157	114	41
A[T>A]C	1	15	464	52	25	18
A[T>A]G	5	46	747	121	61	41
A[T>A]T	11	32	758	117	46	29
A[T>C]A	34	250	1404	568	127	309
A[T>C]C	9	52	735	151	42	84
A[T>C]G	22	186	1955	465	32	246
A[T>C]T	29	239	2139	557	72	327
A[T>G]A	2	35	460	56	30	33
A[T>G]C	1	21	223	40	13	22
A[T>G]G	3	21	348	67	33	31
A[T>G]T	6	28	507	80	34	26
C[C>A]A	10	75	1366	170	86	29
C[C>A]C	7	30	973	112	31	21
C[C>A]G	0	8	343	43	56	5
C[C>A]T	4	58	1221	154	43	28
C[C>G]A	2	28	464	83	4	22
C[C>G]C	5	29	534	113	7	26
C[C>G]G	3	12	638	48	6	16
C[C>G]T	3	31	555	122	11	57
C[C>T]A	252	125	1312	624	65	126
C[C>T]C	113	105	1516	440	49	58
C[C>T]G	30	127	1957	463	85	99
C[C>T]T	258	157	1885	540	86	95
C[T>A]A	4	23	1015	73	16	24
C[T>A]C	3	22	1060	84	16	22
C[T>A]G	11	35	938	151	54	50
C[T>A]T	5	35	666	89	23	23
C[T>C]A	12	52	743	135	61	65
C[T>C]C	17	34	1106	156	69	49
C[T>C]G	13	63	877	208	32	68
C[T>C]T	11	52	910	160	40	64
C[T>G]A	0	18	326	35	10	19
C[T>G]C	1	19	355	76	9	35
C[T>G]G	0	21	451	77	14	48
C[T>G]T	2	45	504	75	13	39
G[C>A]A	8	25	1133	149	63	26
G[C>A]C	6	24	1064	104	35	11
G[C>A]G	3	7	321	23	41	5
G[C>A]T	5	31	724	112	22	14
G[C>G]A	2	15	293	74	9	20
G[C>G]C	3	26	529	77	17	27
G[C>G]G	2	6	150	21	10	11
G[C>G]T	1	27	668	58	9	22
G[C>T]A	250	68	1128	348	38	103
G[C>T]C	94	72	1117	295	40	48
G[C>T]G	30	91	2057	335	82	50
G[C>T]T	211	102	1744	302	59	48
G[T>A]A	7	14	764	40	12	10
G[T>A]C	1	12	1184	30	18	6
G[T>A]G	8	17	1173	70	49	23
G[T>A]T	6	19	567	53	14	10
G[T>C]A	10	37	922	141	31	76
G[T>C]C	6	32	780	81	20	27
G[T>C]G	8	60	961	209	29	151
G[T>C]T	5	73	1022	192	49	84
G[T>G]A	0	16	252	36	17	15
G[T>G]C	1	9	158	34	9	16
G[T>G]G	8	24	447	82	41	37
G[T>G]T	5	17	355	42	14	30
T[C>A]A	5	47	1022	117	59	24
T[C>A]C	3	28	1181	101	32	22
T[C>A]G	3	8	407	26	60	9
T[C>A]T	2	30	891	123	29	32
T[C>G]A	4	28	401	84	21	45
T[C>G]C	7	17	532	105	15	47
T[C>G]G	0	12	166	33	8	23
T[C>G]T	5	70	951	248	38	92
T[C>T]A	519	94	1659	381	64	118
T[C>T]C	223	78	1504	306	70	70
T[C>T]G	33	100	1801	324	78	64
T[C>T]T	653	108	1707	327	137	119
T[T>A]A	21	31	930	84	47	35
T[T>A]C	5	20	805	56	17	23
T[T>A]G	2	21	978	61	28	25
T[T>A]T	10	51	961	96	22	28
T[T>C]A	21	81	1079	241	46	107
T[T>C]C	9	64	861	140	51	49
T[T>C]G	10	62	1104	147	27	63
T[T>C]T	19	90	1450	239	56	127
T[T>G]A	6	23	379	71	22	37
T[T>G]C	2	14	347	74	12	37
T[T>G]G	7	32	601	86	25	37
T[T>G]T	5	68	776	133	44	51
