MutationType	SBS96A	SBS96B	SBS96C	SBS96D
A[C>A]A	0.01216120	0.00519596	0.03248576	0.01256769
A[C>A]C	0.00985265	0.00185618	0.00727546	0.00205714
A[C>A]G	0.00286740	0.00225822	0.00385118	0.00029279
A[C>A]T	0.01001493	0.00679001	0.01368428	0.00169380
A[C>G]A	0.01126719	0.00495168	0.01929419	0.00030239
A[C>G]C	0.00341248	0.00367321	0.00418411	0.00031203
A[C>G]G	0.00099404	0.00327552	0.00473779	0.00000003
A[C>G]T	0.01057662	0.00406091	0.00880701	0.00000001
A[C>T]A	0.04918959	0.03177895	0.00211235	0.15040377
A[C>T]C	0.02236288	0.00891494	0.00786223	0.04333765
A[C>T]G	0.06074152	0.01811066	0.03035348	0.01606530
A[C>T]T	0.01370628	0.01103177	0.01665020	0.10490344
A[T>A]A	0.00871063	0.00405156	0.01911992	0.00000000
A[T>A]C	0.00305635	0.00394819	0.00491851	0.00000002
A[T>A]G	0.00991172	0.00697918	0.00949564	0.00033811
A[T>A]T	0.00740737	0.00445857	0.00932194	0.00031150
A[T>C]A	0.04138605	0.06603801	0.00539634	0.00261365
A[T>C]C	0.00997203	0.01913616	0.00244592	0.00137804
A[T>C]G	0.02305349	0.05566074	0.01627480	0.00295224
A[T>C]T	0.02643864	0.07444886	0.01614543	0.00265566
A[T>G]A	0.00546969	0.00851370	0.00382380	0.00000002
A[T>G]C	0.00224318	0.00510781	0.00163833	0.00000003
A[T>G]G	0.00509072	0.00665367	0.00112599	0.00000002
A[T>G]T	0.00560780	0.00685942	0.00720135	0.00000002
C[C>A]A	0.01415449	0.00619721	0.02148749	0.00130199
C[C>A]C	0.00408085	0.00750522	0.01220726	0.00000001
C[C>A]G	0.00261418	0.00117697	0.00490173	0.00000002
C[C>A]T	0.01494524	0.00479450	0.00361661	0.00000001
C[C>G]A	0.00380097	0.00754990	0.00642209	0.00000002
C[C>G]C	0.00841505	0.00671589	0.00435122	0.00000002
C[C>G]G	0.00183619	0.00352941	0.00419179	0.00032227
C[C>G]T	0.00643310	0.01186391	0.00523045	0.00035137
C[C>T]A	0.03532723	0.02233373	0.00644197	0.05649762
C[C>T]C	0.03581890	0.01076222	0.00887840	0.02326069
C[C>T]G	0.03423712	0.02285460	0.02588863	0.00401941
C[C>T]T	0.04129817	0.01427145	0.01537316	0.05826118
C[T>A]A	0.00316660	0.00326719	0.01277099	0.00032233
C[T>A]C	0.00375902	0.00333682	0.01203810	0.00029391
C[T>A]G	0.00798623	0.01281538	0.01101037	0.00062173
C[T>A]T	0.00854767	0.00238637	0.01019866	0.00073884
C[T>C]A	0.01018017	0.01494159	0.01196024	0.00169646
C[T>C]C	0.00867194	0.00997411	0.02206873	0.00029976
C[T>C]G	0.01253005	0.01496956	0.01069489	0.00066053
C[T>C]T	0.01017597	0.01315121	0.00821304	0.00167571
C[T>G]A	0.00206436	0.00452612	0.00425482	0.00000002
C[T>G]C	0.00319455	0.00731150	0.00492523	0.00000002
C[T>G]G	0.00313699	0.00686210	0.00362419	0.00000002
C[T>G]T	0.00347712	0.00983899	0.00640772	0.00000002
G[C>A]A	0.00684915	0.00497965	0.01763033	0.00162597
G[C>A]C	0.00660042	0.00113842	0.01586628	0.00100756
G[C>A]G	0.00219957	0.00048956	0.00341698	0.00070074
G[C>A]T	0.00940811	0.00202862	0.00955422	0.00035599
G[C>G]A	0.00527579	0.00272323	0.00236759	0.00000002
G[C>G]C	0.00368347	0.00683787	0.00604876	0.00036651
G[C>G]G	0.00050511	0.00253706	0.00207982	0.00000003
G[C>G]T	0.00296835	0.00453722	0.00754210	0.00000002
G[C>T]A	0.01447364	0.01642517	0.00360940	0.06140691
G[C>T]C	0.02208940	0.00930371	0.00470661	0.02217625
G[C>T]G	0.02422775	0.00864003	0.03089928	0.00398234
G[C>T]T	0.01865885	0.00771817	0.01863363	0.04938125
G[T>A]A	0.00084408	0.00132538	0.01367481	0.00133701
G[T>A]C	0.00081706	0.00135801	0.01101483	0.00030988
G[T>A]G	0.00317523	0.00386416	0.01108712	0.00095689
G[T>A]T	0.00347188	0.00128831	0.00958842	0.00067900
G[T>C]A	0.00474422	0.01581320	0.01198727	0.00132402
G[T>C]C	0.00693002	0.00532538	0.01128330	0.00000001
G[T>C]G	0.00553537	0.03088036	0.01089561	0.00000000
G[T>C]T	0.01234741	0.01636698	0.01329752	0.00065284
G[T>G]A	0.00176576	0.00375033	0.00354082	0.00000003
G[T>G]C	0.00249333	0.00306784	0.00154953	0.00000003
G[T>G]G	0.00315304	0.00943034	0.00587801	0.00000002
G[T>G]T	0.00218968	0.00603395	0.00269489	0.00136377
T[C>A]A	0.00892633	0.00381583	0.02015304	0.00000000
T[C>A]C	0.00640627	0.00395814	0.01623260	0.00000001
T[C>A]G	0.00189771	0.00168783	0.00471776	0.00000002
T[C>A]T	0.00766982	0.00418549	0.00717065	0.00035483
T[C>G]A	0.00469350	0.00869757	0.00777846	0.00000002
T[C>G]C	0.00262432	0.01232778	0.00809513	0.00000002
T[C>G]G	0.00121341	0.00604349	0.00259455	0.00000003
T[C>G]T	0.01468403	0.01941141	0.01221164	0.00000000
T[C>T]A	0.01134051	0.01617180	0.01333710	0.12847115
T[C>T]C	0.02040806	0.00796740	0.01994607	0.05593795
T[C>T]G	0.02449615	0.01179296	0.03133491	0.00658694
T[C>T]T	0.01433490	0.01017250	0.01362209	0.15485583
T[T>A]A	0.00246661	0.00771347	0.01071642	0.00469292
T[T>A]C	0.00378773	0.00470686	0.00618380	0.00030898
T[T>A]G	0.00366968	0.00608697	0.01170752	0.00036420
T[T>A]T	0.00457500	0.00894919	0.01387786	0.00130604
T[T>C]A	0.01531969	0.02155415	0.01562975	0.00331616
T[T>C]C	0.00873681	0.01111677	0.01586522	0.00030943
T[T>C]G	0.00664265	0.01532229	0.01487393	0.00100187
T[T>C]T	0.01520252	0.02479473	0.01838160	0.00201639
T[T>G]A	0.00357630	0.00934240	0.00480692	0.00000002
T[T>G]C	0.00405841	0.00767128	0.00235780	0.00000002
T[T>G]G	0.00375878	0.01183501	0.00309568	0.00034094
T[T>G]T	0.00975750	0.01212185	0.01109859	0.00000001
