MutationType	SBS96A	SBS96B	SBS96C	SBS96D	SBS96E
A[C>A]A	0.00920155	0.01519375	0.05551760	0.00490808	0.01583826
A[C>A]C	0.00918103	0.00982924	0.00933508	0.00146051	0.00284255
A[C>A]G	0.00090102	0.00162433	0.01601976	0.00277693	0.00036905
A[C>A]T	0.00888322	0.00854884	0.01877050	0.00737950	0.00293078
A[C>G]A	0.00943856	0.01101386	0.01239634	0.00708861	0.00129205
A[C>G]C	0.00637694	0.00374255	0.00176839	0.00447200	0.00064988
A[C>G]G	0.00474920	0.00159763	0.00083289	0.00405128	0.00021543
A[C>G]T	0.00972408	0.00816962	0.00760004	0.00731349	0.00084604
A[C>T]A	0.00188216	0.05447225	0.01037775	0.03096267	0.13861005
A[C>T]C	0.02353008	0.01997094	0.00552029	0.00689253	0.04302155
A[C>T]G	0.02743907	0.06398434	0.03478696	0.01259058	0.01832952
A[C>T]T	0.01666570	0.01190396	0.01333464	0.00995355	0.09130942
A[T>A]A	0.00896785	0.00868357	0.03350117	0.00758787	0.00373364
A[T>A]C	0.00587761	0.00272016	0.00706496	0.00374054	0.00019423
A[T>A]G	0.00692289	0.00798720	0.01775121	0.00886692	0.00110315
A[T>A]T	0.00855116	0.00744912	0.01288451	0.00568249	0.00249560
A[T>C]A	0.00342832	0.03448567	0.03324944	0.07459761	0.00730350
A[T>C]C	0.00730902	0.00690524	0.01129642	0.01954438	0.00207158
A[T>C]G	0.02258237	0.02713314	0.00446147	0.05839249	0.00472578
A[T>C]T	0.02093398	0.03047406	0.01540364	0.07828396	0.00619576
A[T>G]A	0.00488398	0.00336226	0.00822359	0.00805053	0.00041288
A[T>G]C	0.00218494	0.00251327	0.00354838	0.00521886	0.00020178
A[T>G]G	0.00276064	0.00333223	0.00951847	0.00686686	0.00062338
A[T>G]T	0.00532386	0.00531704	0.00957512	0.00539209	0.00137008
C[C>A]A	0.01543064	0.01491412	0.02483224	0.00486375	0.00208789
C[C>A]C	0.01363634	0.00771432	0.00808841	0.00352646	0.00155977
C[C>A]G	0.00191399	0.00232308	0.01701468	0.00045655	0.00000000
C[C>A]T	0.01633348	0.01269988	0.01149687	0.00481882	0.00087637
C[C>G]A	0.00649582	0.00630602	0.00034859	0.00460885	0.00043466
C[C>G]C	0.00710988	0.00814140	0.00110748	0.00530881	0.00109376
C[C>G]G	0.01040407	0.00206104	0.00109899	0.00324485	0.00062040
C[C>G]T	0.00688422	0.00599394	0.00231099	0.01301767	0.00059920
C[C>T]A	0.00839200	0.04070568	0.01114655	0.01915368	0.05472798
C[C>T]C	0.01644845	0.03403289	0.00974261	0.00713779	0.02442701
C[C>T]G	0.02139292	0.03463911	0.02227104	0.01950784	0.00653982
C[C>T]T	0.01798427	0.03999349	0.01736763	0.01176990	0.05598993
C[T>A]A	0.01600896	0.00363528	0.00377421	0.00488923	0.00089307
C[T>A]C	0.01673106	0.00445216	0.00366930	0.00420471	0.00065108
C[T>A]G	0.01076470	0.00800086	0.01491087	0.01027968	0.00240077
C[T>A]T	0.00871382	0.00682320	0.00614166	0.00475742	0.00105068
C[T>C]A	0.00649238	0.00718247	0.01719094	0.01474405	0.00268703
C[T>C]C	0.01283256	0.00798224	0.01926955	0.00957138	0.00374098
C[T>C]G	0.00965585	0.01407110	0.00770892	0.01467536	0.00276101
C[T>C]T	0.01059930	0.00925285	0.01046759	0.01407512	0.00248221
C[T>G]A	0.00438401	0.00197284	0.00259542	0.00455963	0.00000000
C[T>G]C	0.00436835	0.00383393	0.00209025	0.00787931	0.00020660
C[T>G]G	0.00563244	0.00255466	0.00348063	0.01138651	0.00000000
C[T>G]T	0.00624932	0.00565396	0.00298172	0.00930646	0.00042325
G[C>A]A	0.01416063	0.00850487	0.01809382	0.00430075	0.00175160
G[C>A]C	0.01544933	0.00712934	0.00943157	0.00103704	0.00134148
G[C>A]G	0.00273734	0.00089506	0.01231510	0.00073123	0.00062474
G[C>A]T	0.00966396	0.00911133	0.00572743	0.00201696	0.00107901
G[C>G]A	0.00340082	0.00482272	0.00211536	0.00412624	0.00044053
G[C>G]C	0.00691996	0.00492587	0.00442983	0.00599767	0.00062229
G[C>G]G	0.00163077	0.00075516	0.00291729	0.00250810	0.00045930
G[C>G]T	0.01019670	0.00401912	0.00191084	0.00474990	0.00021297
G[C>T]A	0.01153217	0.01615411	0.00425852	0.01567738	0.05458021
G[C>T]C	0.01218075	0.02143594	0.00856194	0.00669427	0.02052514
G[C>T]G	0.02597762	0.02564310	0.02186762	0.00784219	0.00659396
G[C>T]T	0.02149889	0.02180801	0.01137029	0.00314605	0.04579854
G[T>A]A	0.01229122	0.00199417	0.00285112	0.00158513	0.00149964
G[T>A]C	0.01981528	0.00066212	0.00461903	0.00053747	0.00021204
G[T>A]G	0.01697902	0.00212178	0.01405246	0.00412560	0.00169912
G[T>A]T	0.00833312	0.00385727	0.00366217	0.00149120	0.00127475
G[T>C]A	0.01198742	0.00505677	0.00772142	0.01743643	0.00218882
G[T>C]C	0.01108821	0.00536865	0.00505855	0.00569884	0.00126170
G[T>C]G	0.01090240	0.00597591	0.00621153	0.03561646	0.00173745
G[T>C]T	0.01116378	0.01192083	0.01309752	0.01908504	0.00106010
G[T>G]A	0.00267852	0.00230234	0.00470691	0.00347943	0.00000000
G[T>G]C	0.00162138	0.00163053	0.00237230	0.00356032	0.00020150
G[T>G]G	0.00383313	0.00382224	0.01176672	0.00796636	0.00175513
G[T>G]T	0.00447656	0.00112849	0.00375965	0.00716395	0.00108801
T[C>A]A	0.01234232	0.00925286	0.01685914	0.00425202	0.00112522
T[C>A]C	0.01764594	0.00607731	0.00833726	0.00402948	0.00066195
T[C>A]G	0.00298351	0.00048167	0.01824047	0.00147766	0.00064726
T[C>A]T	0.01220282	0.00754654	0.00761397	0.00635565	0.00037759
T[C>G]A	0.00411416	0.00385812	0.00560925	0.01061772	0.00088834
T[C>G]C	0.00681592	0.00431791	0.00342321	0.01023689	0.00151770
T[C>G]G	0.00169383	0.00115510	0.00214789	0.00560218	0.00000000
T[C>G]T	0.00981618	0.01543315	0.00945730	0.02065297	0.00105105
T[C>T]A	0.01795333	0.01327861	0.00642759	0.01224906	0.11224463
T[C>T]C	0.01677280	0.01681208	0.01476741	0.00864457	0.04861579
T[C>T]G	0.02137256	0.02465022	0.02050957	0.01166957	0.00695110
T[C>T]T	0.01408485	0.00711335	0.02656123	0.00967878	0.14024709
T[T>A]A	0.01206830	0.00366922	0.01275578	0.00706376	0.00447294
T[T>A]C	0.01240114	0.00244816	0.00427487	0.00480734	0.00107916
T[T>A]G	0.01466018	0.00236122	0.00770369	0.00534679	0.00039213
T[T>A]T	0.01378942	0.00791356	0.00521030	0.00586946	0.00209353
T[T>C]A	0.01150240	0.01376436	0.01130356	0.02434352	0.00454228
T[T>C]C	0.00894573	0.01055094	0.01434540	0.01091012	0.00185306
T[T>C]G	0.01494693	0.00933747	0.00628757	0.01435599	0.00208571
T[T>C]T	0.01732753	0.01201403	0.01402768	0.02912831	0.00405731
T[T>G]A	0.00394380	0.00330381	0.00575158	0.00832720	0.00125849
T[T>G]C	0.00411914	0.00291399	0.00284488	0.00830584	0.00042993
T[T>G]G	0.00739442	0.00489060	0.00669541	0.00822299	0.00146467
T[T>G]T	0.00802572	0.01045524	0.01212022	0.01145996	0.00099569
