trinuc	ref_hg38	hidef_rerun_7614	udseq_clean_7614	udseq_clean_30x_7614	udseq_clean_6566	nanoseq_clean_7614	nanoseq_clean_6566	ppmseq_7614	ppmseq_30x_7614	ppmseq_100x_7614	ppmseq_200x_7614	ppmseq_6566	illumina_7614	illumina_30x_7614	illumina_100x_7614	illumina_200x_7614	illumina_6566_blood	illumina_6566_sperm	PTA_01_7614	PTA_02_7614	PTA_03_7614	PTA_04_7614	PTA_05_7614	PTA_06_7614	PTA_07_7614	PTA_08_7614	PTA_09_7614	PTA_10_7614	PTA_11_7614	PTA_12_7614	PTA_13_7614	PTA_14_7614	PTA_15_7614	PTA_16_7614
ACA	102946347	102800538	102920603	102652747	102072166	74471035	56442741	102923441	102867154	102919916	102922473	102907090	102906298	102706906	102866903	102898465	102929806	102923605	102746335	102769713	102796533	102625011	102809250	102731719	102551352	102824415	102581593	101747113	102790576	101629345	102668658	102820377	102788457	102705067
ACC	59329352	59218497	59314036	59163224	58600816	43179822	32443550	59316803	59287643	59315368	59316348	59310036	59305381	59217201	59287020	59301408	59319706	59316909	59122891	59128129	59145747	58998905	59167332	59100868	59019261	59181067	58984773	58534603	59137851	58296353	59038371	59174069	59165271	59059128
ACG	12665506	12636698	12661960	12629727	12470915	9221635	6800350	12662979	12653438	12662448	12662806	12661746	12660161	12643677	12656516	12659333	12663232	12662698	12579289	12577052	12579585	12534031	12590159	12569148	12561860	12596805	12537956	12447708	12576135	12353284	12546826	12591612	12594046	12553909
ACT	83751941	83631386	83731109	83526847	83064922	60399975	45178984	83734008	83693628	83732274	83733464	83722062	83719435	83559040	83687402	83713081	83738673	83733855	83584058	83607299	83629360	83483333	83637430	83574235	83428506	83654513	83446784	82772873	83624758	82634645	83521106	83649346	83626063	83555533
CCA	94158708	93977615	94134767	93892819	92957299	68407112	51357390	94139168	94092842	94136935	94138473	94128342	94121399	93986174	94093494	94115317	94143625	94139027	93824854	93832037	93862350	93621617	93899969	93788862	93659505	93917978	93597089	92885876	93848491	92486523	93688431	93910732	93893530	93716142
CCC	66134327	65971299	66117114	65924990	64835977	47799542	35368469	66121275	66073903	66118999	66120698	66115662	66107563	66029863	66090808	66103802	66123583	66121285	65634800	65612893	65625686	65363821	65692055	65571529	65531992	65723977	65394494	64972634	65607554	64378664	65445142	65697545	65726110	65478479
CCG	13443514	13398037	13438259	13396046	13027305	9514634	6943413	13440870	13411312	13439237	13440481	13440225	13437870	13426561	13434932	13437010	13441040	13440853	13140134	13122275	13111606	13012983	13146715	13105481	13137530	13180419	13067135	13005416	13105267	12742816	13051004	13147143	13192479	13092296
CCT	90610841	90430046	90588366	90371389	89448078	65486433	48909370	90592237	90549076	90590261	90591603	90583138	90574608	90445770	90547881	90568826	90596334	90592321	90248176	90253205	90283516	90029775	90323900	90209148	90090739	90346909	90010115	89345336	90269960	88865326	90099486	90335317	90326704	90132733
GCA	74125276	73991091	74106690	73911469	73202930	48730416	26861065	74110033	74072365	74108324	74109525	74101325	74096416	73981202	74073028	74091410	74113661	74109935	73854892	73860419	73883355	73696738	73911557	73825683	73723615	73929044	73682246	73117651	73873498	72807875	73749002	73919535	73910775	73780784
GCC	60210605	60062126	60194082	60037934	59117056	43783264	32282737	60198613	60149980	60196101	60197945	60193789	60187287	60119014	60172265	60183620	60201005	60198947	59717583	59700170	59710876	59469363	59770489	59661385	59633189	59809304	59506508	59110819	59695885	58555409	59546530	59775992	59810744	59596595
GCG	11625894	11586934	11621077	11579536	11237507	8220961	5908142	11623597	11592717	11621969	11623201	11623011	11621005	11611344	11618485	11620251	11623654	11623501	11322342	11307027	11292946	11201981	11325577	11288907	11325939	11363117	11262335	11206289	11287015	10967031	11240497	11325832	11375678	11288709
GCT	72116237	71978752	72098391	71922614	71222296	52704630	38623529	72101675	72063767	72099959	72101174	72094330	72088517	71982054	72066731	72083642	72105176	72101913	71811754	71815721	71837343	71636567	71869555	71778404	71688326	71891997	71629094	71092689	71825860	70719245	71695028	71878485	71876303	71729884
TCA	101538853	101388015	101513607	101255246	100657663	72699816	55381179	101517138	101474237	101515077	101516480	101502917	101499533	101306398	101461003	101491851	101522859	101517212	101332602	101358649	101386129	101206634	101397214	101319524	101141473	101416133	101162965	100345199	101380163	100183165	101252949	101410328	101382020	101291529
TCC	78687567	78539633	78667611	78466496	77700716	56658451	42695380	78671330	78631710	78669492	78670769	78662408	78655714	78536982	78631552	78650626	78674755	78670876	78385846	78392297	78414230	78207986	78446414	78354311	78249009	78468627	78195611	77603927	78403177	77249289	78266588	78457087	78450646	78298404
TCG	10938645	10911791	10935116	10904068	10747996	7970425	5825376	10936403	10925362	10935893	10936254	10935472	10934051	10921106	10931113	10933262	10936623	10936326	10845614	10843726	10844495	10799157	10855134	10835470	10832900	10864150	10807918	10734183	10841280	10633203	10813526	10856645	10863508	10824644
TCT	114163437	113991274	114135179	113853507	113197345	81942632	62369671	114138824	114083197	114136306	114138086	114122885	114118500	113903170	114075851	114110022	114145325	114138841	113919806	113948880	113980333	113769594	113995069	113902752	113704928	114017395	113720864	112805439	113973066	112583753	113824701	114009554	113979779	113871034
ATA	105472880	105358459	105446556	105129764	104872034	74301584	57904276	105431030	105253603	105398401	105421427	105395967	105433723	105167334	105381922	105423877	105456621	105449345	105335754	105365494	105386532	105258999	105386777	105331979	105125210	105405473	105208475	104357700	105386603	104372093	105290717	105398435	105372382	105347786
ATC	68854272	68754246	68836740	68657740	68275641	49128440	37111116	68839339	68809431	68837875	68838900	68828913	68827423	68693439	68800773	68822133	68843148	68839099	68725338	68744077	68761670	68645936	68767611	68717839	68595855	68780226	68615955	68057771	68758356	67975191	68676815	68776365	68756430	68703945
ATG	95220697	95092156	95197000	94951829	94440239	66977133	48477631	95200013	95157392	95197621	95199379	95185010	95183849	94992829	95146465	95176550	95205444	95199657	95052268	95076114	95099069	94951068	95107227	95042460	94867313	95122193	94911116	94133276	95094901	94065817	94989635	95118016	95090300	95025183
ATT	128985851	128832941	128954452	128618768	128246057	91493461	70924125	128956846	128893910	128952229	128955606	128934021	128938141	128633922	128879282	128926958	128965982	128957675	128815571	128858062	128885513	128717375	128883841	128812189	128564476	128907076	128651202	127606905	128884421	127583265	128758165	128900190	128863887	128821144
CTA	67275154	67184840	67258253	67076131	66725588	48102156	37382914	67260384	67227480	67258944	67259961	67250305	67249347	67110595	67222073	67244183	67264554	67260598	67160104	67180304	67196728	67090670	67199336	67153962	67030682	67213429	67057977	66517768	67194693	66437289	67117023	67209130	67191165	67147753
CTC	85359662	85190412	85337252	85111406	84248469	62066830	46258828	85341899	85287670	85339488	85341196	85333335	85325238	85200631	85299141	85319405	85345791	85342252	85017271	85025590	85051046	84816517	85086761	84983385	84872867	85113739	84803023	84166350	85038422	83733772	84882559	85098245	85094582	84921393
CTG	103923686	103720640	103898129	103646077	102601862	73647925	52322679	103902574	103849598	103900287	103901835	103891282	103882280	103733946	103851440	103875440	103907035	103902070	103510058	103514506	103550701	103262192	103597756	103464621	103328035	103620510	103239116	102471812	103533375	101935584	103342474	103609429	103595632	103378111
CTT	102970596	102824365	102946272	102703939	102146667	73153228	56038215	102948802	102913199	102947167	102948295	102934538	102931307	102732219	102892168	102923619	102954850	102948719	102759274	102787044	102814412	102631479	102825349	102745290	102565262	102846426	102588073	101753979	102809191	101580119	102679429	102838603	102811781	102723672
GTA	58899728	58824496	58884823	58726383	58451072	42145838	32657610	58886543	58850778	58884640	58886047	58876842	58877006	58753398	58852595	58872288	58890372	58886728	58801338	58818325	58832405	58744233	58835182	58796961	58690003	58846521	58717090	58239525	58830329	58191527	58765614	58842375	58826758	58792514
GTC	48794548	48707048	48782080	48658239	48228846	35361814	26648574	48784182	48757422	48783009	48783816	48778246	48774391	48696221	48758471	48771044	48786430	48783818	48616018	48621105	48634295	48513341	48652901	48597893	48528731	48665435	48504027	48131548	48627650	47936152	48546435	48659110	48652706	48565584
GTG	75285656	75145759	75266113	75065692	74346001	54262448	38105077	75269617	75225333	75267074	75268857	75260379	75255569	75141148	75231726	75250378	75273298	75269632	75032252	75038763	75062398	74878586	75089738	75005295	74900035	75104070	74857647	74280875	75052349	73990584	74927953	75097589	75081896	74950934
GTT	75111692	75009267	75093296	74907017	74545942	54028357	41489493	75095615	75067548	75094251	75095188	75084351	75082919	74934810	75053557	75077134	75099771	75095408	74977154	74998465	75016543	74896937	75021440	74969660	74837447	75036239	74864161	74249690	75012965	74179051	74927030	75031464	75008631	74957888
TTA	108390710	108267452	108364851	108073895	107780339	76283824	60169911	108366282	108307218	108361911	108365198	108347109	108351135	108092060	108300631	108341494	108374236	108367252	108246503	108282874	108306861	108164134	108304595	108244230	108036341	108325907	108107131	107232896	108306364	107194944	108199569	108318917	108288015	108253827
TTC	101353498	101214135	101329218	101081228	100567475	72029773	55722871	101332028	101296980	101330341	101331484	101317157	101314528	101112621	101275008	101306896	101337723	101331635	101155853	101183614	101208903	101036866	101217834	101143506	100963680	101238429	100994052	100172327	101203626	100032261	101080870	101231160	101204399	101124872
TTG	97305405	97167444	97281312	97035173	96527197	68224032	50184119	97284306	97247795	97282569	97283752	97270008	97268252	97078465	97231003	97260914	97290249	97284500	97129108	97156506	97180679	97023291	97188209	97118635	96946925	97205617	96980651	96184742	97176364	96087187	97063221	97200304	97172290	97103361
TTT	176167387	175948590	176124276	175675135	175151114	125245037	98010920	176128217	176058213	176123780	176126981	176098401	176102592	175707565	176025746	176087634	176140499	176129376	175914809	175974018	176015671	175770531	176014861	175909874	175582340	176048702	175677990	174245251	176012477	174155877	175829288	176037967	175984880	175914588
