MutationType	HiDEFseq_double_stranded	HiDEFseq_single_stranded	Illumina	NanoSeq_multiread	NanoSeq_singleton	PTA_singleton	UDSeq_multiread	UDSeq_singleton	ppmSeq_multiread	ppmSeq_singleton_HC
A[C>A]A	4	38	11	7	41	21	10	32	65	71
A[C>A]C	0	6	6	1	22	7	11	22	14	20
A[C>A]G	0	1	2	0	5	7	4	10	9	9
A[C>A]T	7	5	9	3	22	21	13	21	37	25
A[C>G]A	1	1	12	5	30	17	13	22	36	44
A[C>G]C	1	1	2	1	13	10	4	8	6	14
A[C>G]G	0	0	0	1	6	10	3	5	8	13
A[C>G]T	3	0	8	1	24	12	7	26	20	22
A[C>T]A	16	453	29	13	129	115	58	166	35	50
A[C>T]C	11	130	11	8	51	33	23	60	25	31
A[C>T]G	17	47	36	21	147	55	47	118	77	83
A[C>T]T	7	314	20	11	71	51	17	45	36	59
A[T>A]A	3	0	6	2	21	14	10	22	46	35
A[T>A]C	0	0	5	0	9	12	4	9	12	10
A[T>A]G	2	1	6	6	21	21	13	24	19	27
A[T>A]T	1	1	5	3	17	14	8	20	17	25
A[T>C]A	10	8	41	8	147	171	33	122	41	43
A[T>C]C	3	4	14	6	31	53	10	28	15	12
A[T>C]G	11	9	3	13	104	139	28	101	54	61
A[T>C]T	11	8	19	19	131	195	27	108	51	74
A[T>G]A	1	0	10	4	21	23	3	11	6	15
A[T>G]C	0	0	2	3	5	15	4	8	7	4
A[T>G]G	1	0	9	2	11	18	4	14	3	7
A[T>G]T	3	0	5	2	14	20	6	17	17	18
C[C>A]A	3	4	13	6	43	20	12	27	39	51
C[C>A]C	4	0	0	0	20	20	6	16	22	34
C[C>A]G	0	0	2	1	6	4	3	7	5	16
C[C>A]T	4	0	7	3	28	14	21	27	8	16
C[C>G]A	1	0	0	4	17	19	6	14	14	18
C[C>G]C	0	0	0	3	14	18	12	32	9	18
C[C>G]G	0	1	1	0	9	11	6	3	9	10
C[C>G]T	2	1	1	3	18	32	9	29	13	19
C[C>T]A	5	169	14	10	70	73	48	117	24	47
C[C>T]C	9	70	11	6	70	36	43	85	21	43
C[C>T]G	8	12	26	6	78	66	35	91	65	67
C[C>T]T	12	176	24	9	105	50	37	104	39	61
C[T>A]A	1	1	2	1	10	12	9	8	18	35
C[T>A]C	0	1	1	2	17	10	6	10	17	33
C[T>A]G	4	2	2	3	21	36	13	32	19	38
C[T>A]T	0	2	11	1	24	8	5	18	15	28
C[T>C]A	1	5	12	4	36	43	12	29	23	37
C[T>C]C	5	1	12	2	20	32	12	27	47	48
C[T>C]G	5	2	3	5	36	40	18	38	21	38
C[T>C]T	2	5	11	3	28	35	4	40	22	24
C[T>G]A	0	0	1	1	13	11	1	8	10	10
C[T>G]C	1	0	0	1	11	18	3	21	8	19
C[T>G]G	0	0	0	1	8	19	9	14	8	13
C[T>G]T	1	0	0	0	27	23	4	15	9	23
G[C>A]A	0	5	7	3	8	19	15	21	34	41
G[C>A]C	1	3	6	2	17	6	5	17	23	42
G[C>A]G	1	2	1	1	6	2	2	4	5	9
G[C>A]T	0	1	4	1	18	7	8	27	17	26
G[C>G]A	1	0	3	1	9	9	10	10	4	9
G[C>G]C	1	1	3	1	19	17	3	13	9	20
G[C>G]G	1	0	1	0	3	7	0	4	7	3
G[C>G]T	0	0	2	3	12	12	2	12	11	22
G[C>T]A	4	187	6	3	48	55	20	67	17	29
G[C>T]C	7	67	9	3	48	30	25	57	14	26
G[C>T]G	8	12	21	3	49	31	30	55	72	64
G[C>T]T	2	147	11	10	56	33	23	52	32	63
G[T>A]A	1	4	3	1	8	6	1	3	18	35
G[T>A]C	0	1	3	0	6	6	1	4	8	35
G[T>A]G	2	3	2	1	10	12	4	13	12	36
G[T>A]T	2	2	1	0	11	5	3	10	13	27
G[T>C]A	2	4	12	0	19	48	7	23	20	38
G[T>C]C	2	0	7	1	21	16	6	18	20	29
G[T>C]G	4	0	1	5	33	88	18	34	28	39
G[T>C]T	1	2	12	6	48	47	20	22	29	36
G[T>G]A	0	0	2	0	8	10	1	9	7	10
G[T>G]C	0	0	3	0	8	8	2	8	3	6
G[T>G]G	3	0	3	0	16	27	7	10	12	18
G[T>G]T	0	4	6	2	8	18	2	7	8	7
T[C>A]A	2	0	9	4	24	14	8	21	32	50
T[C>A]C	0	0	2	1	17	14	13	18	20	49
T[C>A]G	3	0	1	0	4	5	3	5	4	16
T[C>A]T	1	1	5	3	17	13	8	19	14	20
T[C>G]A	2	0	7	1	19	25	5	15	13	24
T[C>G]C	3	0	4	0	12	35	4	19	27	16
T[C>G]G	0	0	3	0	7	17	1	9	7	8
T[C>G]T	2	0	15	3	42	53	14	49	30	37
T[C>T]A	2	383	17	8	50	73	24	72	28	66
T[C>T]C	2	168	19	4	47	39	38	52	53	49
T[C>T]G	3	20	27	7	56	38	22	62	61	77
T[C>T]T	8	463	33	12	59	63	22	61	38	53
T[T>A]A	1	14	7	1	17	24	2	11	18	29
T[T>A]C	1	1	0	2	11	13	7	12	14	16
T[T>A]G	1	1	5	1	13	19	5	14	17	34
T[T>A]T	2	4	3	1	34	23	5	12	28	32
T[T>C]A	4	10	12	3	47	59	17	53	44	40
T[T>C]C	3	1	8	6	42	28	4	23	34	37
T[T>C]G	6	3	0	3	40	39	9	25	35	37
T[T>C]T	6	6	16	5	49	71	22	44	34	60
T[T>G]A	1	0	5	1	11	28	6	15	15	12
T[T>G]C	2	0	1	1	11	21	7	16	9	8
T[T>G]G	4	1	2	2	19	30	3	19	12	11
T[T>G]T	4	0	8	4	41	31	8	23	23	31
