path_from_variant_calling	configured_in	status
containers/deepmosaic_latest.sif	illumina/deepmosaic/config.sh	External; not bundled
containers/deepsomatic1.9.0_cpu.sif	illumina/deepsomatic/config.sh	External; not bundled
illumina/mutect2_single/results/scratch/passed_single_mode/7614_300x_somatic.vcf.gz	illumina/deepmosaic/samples.tsv	Generated by illumina/mutect2_single
illumina/mutect2_single/results/scratch/passed_single_mode/7614_300x_somatic.vcf.gz	illumina/mosaicforecast/samples.tsv	Generated by illumina/mutect2_single
inputs/41411195_F_illumina_matchedNormal.haplotypecaller.SNV_INDEL.VQSR_INFERRED.vcf.gz	dupcaller/nano.config.sh	External; not bundled
inputs/41411195_F_illumina_matchedNormal.haplotypecaller.SNV_INDEL.VQSR_INFERRED.vcf.gz	dupcaller/ud.config.sh	External; not bundled
inputs/41411195_F_illumina_somatic_merged.vcf.gz	illumina/paired/samples.tsv	Unused field in retained paired sample format
inputs/m84137_250211_013035_s1.clair3.vcf.gz	hidefseq/params.yaml	External; not bundled
inputs/m84137_250211_013035_s1.deepvariant.vcf.gz	hidefseq/params.yaml	External; not bundled
resources/1000g_pon.hg38.vcf.gz	illumina/mutect2_single/snake_conf.yaml	External; not bundled
resources/BSgenome.Hsapiens.SMaHT.GRCh38noalt_1.0.0.tar.gz	hidefseq/params.yaml	External; not bundled
resources/ENCODE_hg38-blacklist.v2.bw	hidefseq/params.yaml	External; not bundled
resources/GCA_000001405.15_GRCh38_no_alt_analysis_set.fasta	dupcaller/nano.config.sh	External; not bundled
resources/GCA_000001405.15_GRCh38_no_alt_analysis_set.fasta	dupcaller/ud.config.sh	External; not bundled
resources/GCA_000001405.15_GRCh38_no_alt_analysis_set.fasta	hidefseq/params.yaml	External; not bundled
resources/GCA_000001405.15_GRCh38_no_alt_analysis_set.fasta.fai	hidefseq/params.yaml	External; not bundled
resources/GCA_000001405.15_GRCh38_no_alt_analysis_set.fasta.mmi	hidefseq/params.yaml	External; not bundled
resources/GRCh38_SHAPEIT_reference_panel	pta/config/config.yaml	External; not bundled
resources/GRCh38_full_analysis_set_plus_decoy_hla.fa	illumina/deepsomatic/config.sh	External; not bundled
resources/GRCh38_full_analysis_set_plus_decoy_hla.fa	illumina/mosaicforecast/snake_conf.yaml	External; not bundled
resources/GRCh38_full_analysis_set_plus_decoy_hla.fa	illumina/mosaichunter/snake_conf.yaml	External; not bundled
resources/GRCh38_full_analysis_set_plus_decoy_hla.fa	illumina/mutect2_single/snake_conf.yaml	External; not bundled
resources/GRCh38_full_analysis_set_plus_decoy_hla.fa	illumina/paired/snake_conf.yaml	External; not bundled
resources/Homo_sapiens_assembly38.bed	illumina/mutect2_single/snake_conf.yaml	External; not bundled
resources/Homo_sapiens_assembly38.bed	illumina/paired/snake_conf.yaml	External; not bundled
resources/Homo_sapiens_assembly38.fasta	pta/config/config.yaml	External; not bundled
resources/WGS.error_prone.hg38_liftover.sorted.bed	illumina/mosaichunter/snake_conf.yaml	External; not bundled
resources/af-only-gnomad.hg38.vcf.gz	illumina/mutect2_single/snake_conf.yaml	External; not bundled
resources/af-only-gnomad.hg38.vcf.gz	illumina/paired/snake_conf.yaml	External; not bundled
resources/allrepeats_MF_combining_trf_hg38.bed	illumina/mosaichunter/snake_conf.yaml	External; not bundled
resources/common_all_20180418.vcf	pta/config/config.yaml	External; not bundled
resources/dbsnp_146.hg38.vcf.gz	illumina/mosaichunter/snake_conf.yaml	External; not bundled
resources/gnomAD.nonPASS.AFfiltered.SNVs.bw	hidefseq/params.yaml	External; not bundled
resources/gnomAD.norm.AFfiltered.vcf.gz	hidefseq/params.yaml	External; not bundled
resources/gnomAD.norm.AFfiltered.vcf.gz.indels.bw	hidefseq/params.yaml	External; not bundled
resources/gnomAD.norm.AFfiltered.vcf.gz.snvs.bw	hidefseq/params.yaml	External; not bundled
resources/hg38.noise.bed.gz	dupcaller/nano.config.sh	External; not bundled
resources/hg38.noise.bed.gz	dupcaller/ud.config.sh	External; not bundled
resources/hg38.repeatMasker.bed	illumina/mutect2_single/snake_conf.yaml	External; not bundled
resources/hg38.segdup.bed	illumina/mutect2_single/snake_conf.yaml	External; not bundled
resources/hg38.segdup.bw	hidefseq/params.yaml	External; not bundled
resources/hg38_24.bw	illumina/mosaicforecast/snake_conf.yaml	External; not bundled
resources/hg38_UCSC_gaps.bw	hidefseq/params.yaml	External; not bundled
resources/hidef-seq_3.0.sif	hidefseq/params.yaml	External; not bundled
resources/indel_hg38_liftover.sorted_merged.bed	illumina/mosaichunter/snake_conf.yaml	External; not bundled
resources/k50.Umap.MultiTrackMappability.bw	hidefseq/params.yaml	External; not bundled
resources/rmsk.txt	illumina/mutect2_single/snake_conf.yaml	External; not bundled
resources/satellites_rDNA.bw	hidefseq/params.yaml	External; not bundled
software/MosaicForecast	illumina/mosaicforecast/snake_conf.yaml	External; not bundled
software/MosaicForecast/models_trained/200xRFmodel_addRMSK_Refine.rds	illumina/mosaicforecast/snake_conf.yaml	External; not bundled
software/MosaicHunter/build/mosaichunter.jar	illumina/mosaichunter/snake_conf.yaml	External; not bundled
software/annovar	illumina/deepmosaic/config.sh	External; not bundled
software/gatk-4.6.2.0/gatk-package-4.6.2.0-local.jar	illumina/mutect2_single/snake_conf.yaml	External; not bundled
software/gatk-4.6.2.0/gatk-package-4.6.2.0-local.jar	illumina/paired/snake_conf.yaml	External; not bundled
software/strelka-2.9.10/bin/configureStrelkaSomaticWorkflow.py	illumina/paired/snake_conf.yaml	External; not bundled
