261	0.00
260	0.00
259	0.00
258	0.00
257	0.00
256	0.00
255	0.00
254	0.00
253	0.00
252	0.00
251	0.00
250	0.00
249	0.00
248	0.00
247	0.00
246	0.00
245	0.00
244	0.00
243	0.00
242	0.00
241	0.00
240	0.00
239	0.00
238	0.00
237	0.00
236	0.00
235	0.00
234	0.00
233	0.00
232	0.00
231	0.00
230	0.00
229	0.00
228	0.00
227	0.00
226	0.00
225	0.00
224	0.00
223	0.00
222	0.00
221	0.00
220	0.00
219	0.00
218	0.00
217	0.00
216	0.00
215	0.00
214	0.00
213	0.00
212	0.00
211	0.00
210	0.00
209	0.00
208	0.00
207	0.00
206	0.00
205	0.00
204	0.00
203	0.00
202	0.00
201	0.00
200	0.00
199	0.00
198	0.00
197	0.00
196	0.00
195	0.00
194	0.00
193	0.00
192	0.00
191	0.00
190	0.00
189	0.00
188	0.00
187	0.00
186	0.00
185	0.00
184	0.00
183	0.00
182	0.00
181	0.00
180	0.00
179	0.00
178	0.00
177	0.00
176	0.00
175	0.00
174	0.00
173	0.00
172	0.00
171	0.00
170	0.00
169	0.00
168	0.00
167	0.00
166	0.00
165	0.00
164	0.00
163	0.00
162	0.00
161	0.00
160	0.00
159	0.00
158	0.00
157	0.00
156	0.00
155	0.00
154	0.00
153	0.00
152	0.00
151	0.00
150	0.00
149	0.00
148	0.00
147	0.00
146	0.00
145	0.00
144	0.00
143	0.00
142	0.00
141	0.00
140	0.00
139	0.00
138	0.00
137	0.00
136	0.00
135	0.00
134	0.00
133	0.00
132	0.00
131	0.01
130	0.01
129	0.01
128	0.01
127	0.01
126	0.01
125	0.01
124	0.01
123	0.01
122	0.01
121	0.01
120	0.01
119	0.01
118	0.01
117	0.01
116	0.01
115	0.01
114	0.01
113	0.01
112	0.01
111	0.01
110	0.01
109	0.01
108	0.01
107	0.01
106	0.01
105	0.01
104	0.01
103	0.01
102	0.02
101	0.02
100	0.02
99	0.02
98	0.02
97	0.02
96	0.02
95	0.02
94	0.02
93	0.02
92	0.02
91	0.02
90	0.03
89	0.03
88	0.03
87	0.03
86	0.03
85	0.03
84	0.03
83	0.03
82	0.04
81	0.04
80	0.04
79	0.04
78	0.04
77	0.04
76	0.05
75	0.05
74	0.05
73	0.05
72	0.05
71	0.06
70	0.06
69	0.06
68	0.06
67	0.07
66	0.07
65	0.07
64	0.07
63	0.08
62	0.08
61	0.08
60	0.09
59	0.09
58	0.09
57	0.10
56	0.10
55	0.11
54	0.11
53	0.11
52	0.12
51	0.12
50	0.13
49	0.13
48	0.14
47	0.14
46	0.15
45	0.15
44	0.16
43	0.16
42	0.17
41	0.18
40	0.18
39	0.19
38	0.20
37	0.20
36	0.21
35	0.22
34	0.23
33	0.24
32	0.25
31	0.25
30	0.26
29	0.27
28	0.28
27	0.29
26	0.30
25	0.31
24	0.33
23	0.34
22	0.35
21	0.36
20	0.38
19	0.39
18	0.40
17	0.42
16	0.43
15	0.45
14	0.46
13	0.48
12	0.49
11	0.51
10	0.53
9	0.55
8	0.56
7	0.58
6	0.60
5	0.62
4	0.64
3	0.67
2	0.69
1	0.71
0	1.00
