81	0.00
80	0.00
79	0.00
78	0.00
77	0.00
76	0.00
75	0.00
74	0.00
73	0.00
72	0.00
71	0.00
70	0.00
69	0.00
68	0.00
67	0.00
66	0.00
65	0.00
64	0.00
63	0.00
62	0.00
61	0.00
60	0.00
59	0.00
58	0.00
57	0.00
56	0.00
55	0.01
54	0.01
53	0.01
52	0.02
51	0.02
50	0.03
49	0.04
48	0.05
47	0.06
46	0.08
45	0.10
44	0.13
43	0.16
42	0.19
41	0.23
40	0.28
39	0.32
38	0.37
37	0.43
36	0.48
35	0.54
34	0.60
33	0.65
32	0.70
31	0.75
30	0.79
29	0.83
28	0.87
27	0.90
26	0.92
25	0.94
24	0.95
23	0.97
22	0.97
21	0.98
20	0.99
19	0.99
18	0.99
17	0.99
16	1.00
15	1.00
14	1.00
13	1.00
12	1.00
11	1.00
10	1.00
9	1.00
8	1.00
7	1.00
6	1.00
5	1.00
4	1.00
3	1.00
2	1.00
1	1.00
0	1.00
