94	0.00
93	0.00
92	0.00
91	0.00
90	0.00
89	0.00
88	0.00
87	0.00
86	0.00
85	0.00
84	0.00
83	0.00
82	0.00
81	0.00
80	0.00
79	0.00
78	0.00
77	0.00
76	0.00
75	0.00
74	0.00
73	0.00
72	0.01
71	0.01
70	0.01
69	0.01
68	0.01
67	0.01
66	0.02
65	0.02
64	0.02
63	0.03
62	0.03
61	0.04
60	0.04
59	0.05
58	0.06
57	0.07
56	0.08
55	0.10
54	0.11
53	0.13
52	0.15
51	0.17
50	0.19
49	0.22
48	0.24
47	0.27
46	0.30
45	0.34
44	0.37
43	0.40
42	0.44
41	0.47
40	0.51
39	0.54
38	0.58
37	0.61
36	0.64
35	0.67
34	0.70
33	0.73
32	0.75
31	0.77
30	0.80
29	0.81
28	0.83
27	0.85
26	0.86
25	0.87
24	0.88
23	0.89
22	0.90
21	0.91
20	0.92
19	0.93
18	0.93
17	0.94
16	0.95
15	0.95
14	0.96
13	0.96
12	0.97
11	0.97
10	0.97
9	0.98
8	0.98
7	0.98
6	0.99
5	0.99
4	0.99
3	0.99
2	1.00
1	1.00
0	1.00
