path_from_package	index	availability	referenced_in
./inputs/alignments/422073-25-5852-DNA-1-ppm0021-CGCATCCTCACAGAT.cram	./inputs/alignments/422073-25-5852-DNA-1-ppm0021-CGCATCCTCACAGAT.cram.crai	External placeholder	source/project/code/downsampling/downsample_30x.sh;source/regional_controls/02.merged/down_run_all_platforms_array_hg38.sh;source/regional_controls/02.merged/run_all_platforms_array_hg38.sh;source/regional_controls/05.cleaned_bam/scripts/run_mixed_mixed_ppm_arrays.sh
./inputs/alignments/422077-25-5853-DNA-1-ppm0022-CACAACATATCAGAT.cram	./inputs/alignments/422077-25-5853-DNA-1-ppm0022-CACAACATATCAGAT.cram.crai	External placeholder	source/project/code/annotation/ci_ppmseq.sbatch;source/project/code/downsampling/downsample.sh;source/project/code/downsampling/downsample_30x.sh;source/regional_controls/02.merged/down_run_all_platforms_array_hg38.sh;source/regional_controls/02.merged/run_all_platforms_array_hg38.sh;source/regional_controls/05.cleaned_bam/scripts/run_mixed_mixed_ppm_arrays.sh
./inputs/alignments/6566.bam	./inputs/alignments/6566.bam.bai	External placeholder	source/regional_controls/02.merged/down_run_all_platforms_array_hg38.sh;source/regional_controls/02.merged/run_all_platforms_array_hg38.sh;source/regional_controls/05.cleaned_bam/scripts/run_duplex_nano_ud_arrays.sh
./inputs/alignments/7614-B-L-F-3-Lrg.bam	./inputs/alignments/7614-B-L-F-3-Lrg.bam.bai	External placeholder	source/regional_controls/02.merged/run_all_platforms_array_hg19.sh
./inputs/alignments/7614-B-L-O-5-Lrg.bam	./inputs/alignments/7614-B-L-O-5-Lrg.bam.bai	External placeholder	source/regional_controls/02.merged/run_all_platforms_array_hg19.sh
./inputs/alignments/7614-B-L-P-4-Lrg.bam	./inputs/alignments/7614-B-L-P-4-Lrg.bam.bai	External placeholder	source/regional_controls/02.merged/run_all_platforms_array_hg19.sh
./inputs/alignments/7614-B-L-PF-2-Lrg.bam	./inputs/alignments/7614-B-L-PF-2-Lrg.bam.bai	External placeholder	source/regional_controls/02.merged/run_all_platforms_array_hg19.sh
./inputs/alignments/7614-B-L-T-1-Lrg.bam	./inputs/alignments/7614-B-L-T-1-Lrg.bam.bai	External placeholder	source/regional_controls/02.merged/run_all_platforms_array_hg19.sh
./inputs/alignments/7614-B-R-F-3-Lrg.bam	./inputs/alignments/7614-B-R-F-3-Lrg.bam.bai	External placeholder	source/regional_controls/02.merged/run_all_platforms_array_hg19.sh
./inputs/alignments/7614-B-R-O-5-Lrg.bam	./inputs/alignments/7614-B-R-O-5-Lrg.bam.bai	External placeholder	source/regional_controls/02.merged/run_all_platforms_array_hg19.sh
./inputs/alignments/7614-B-R-P-4-Lrg.bam	./inputs/alignments/7614-B-R-P-4-Lrg.bam.bai	External placeholder	source/regional_controls/02.merged/run_all_platforms_array_hg19.sh
./inputs/alignments/7614-B-R-PF-2-Lrg.bam	./inputs/alignments/7614-B-R-PF-2-Lrg.bam.bai	External placeholder	source/regional_controls/02.merged/run_all_platforms_array_hg19.sh
./inputs/alignments/7614-B-R-T-1-Lrg.bam	./inputs/alignments/7614-B-R-T-1-Lrg.bam.bai	External placeholder	source/regional_controls/02.merged/run_all_platforms_array_hg19.sh
./inputs/alignments/7614-Cortex-L-T_D.bam	./inputs/alignments/7614-Cortex-L-T_D.bam.bai	External placeholder	source/project/code/downsampling/downsample_30x.sh;source/project/code/filter_bam/filter_ud.sh;source/regional_controls/02.merged/down_run_all_platforms_array_hg38.sh;source/regional_controls/02.merged/run_all_platforms_array_hg38.sh;source/regional_controls/05.cleaned_bam/scripts/run_duplex_nano_ud_arrays.sh
./inputs/alignments/7614-Cortex-L-T_Hpy_D.bam	./inputs/alignments/7614-Cortex-L-T_Hpy_D.bam.bai	External placeholder	source/project/code/coverage/submit_mosdepth_cov.sh;source/project/code/filter_bam/filter_nano.sh;source/regional_controls/02.merged/down_run_all_platforms_array_hg38.sh;source/regional_controls/02.merged/run_all_platforms_array_hg38.sh;source/regional_controls/05.cleaned_bam/scripts/run_duplex_nano_ud_arrays.sh
./inputs/alignments/7614-Kidney-L_D.bam	./inputs/alignments/7614-Kidney-L_D.bam.bai	External placeholder	source/project/code/downsampling/downsample.sh
./inputs/alignments/7614.7614.7614.ccs.filtered.aligned.sorted.bam	./inputs/alignments/7614.7614.7614.ccs.filtered.aligned.sorted.bam.bai	External placeholder	source/regional_controls/05.cleaned_bam/scripts/sbatch_hidef_duplex.sbatch
./inputs/alignments/7669-Br-L-P-1.bam	./inputs/alignments/7669-Br-L-P-1.bam.bai	External placeholder	source/regional_controls/02.merged/run_all_platforms_array_hg19.sh
./inputs/alignments/Old-8420-SC06.merged.bam	./inputs/alignments/Old-8420-SC06.merged.bam.bai	External placeholder	source/regional_controls/02.merged/run_all_platforms_array_hg19.sh
./inputs/alignments/Old-8420-SC15.merged.bam	./inputs/alignments/Old-8420-SC15.merged.bam.bai	External placeholder	source/regional_controls/02.merged/run_all_platforms_array_hg19.sh
./inputs/alignments/S6566_Hpy.bam	./inputs/alignments/S6566_Hpy.bam.bai	External placeholder	source/regional_controls/02.merged/down_run_all_platforms_array_hg38.sh;source/regional_controls/02.merged/run_all_platforms_array_hg38.sh;source/regional_controls/05.cleaned_bam/scripts/run_duplex_nano_ud_arrays.sh
./inputs/alignments/Young-6566-2sc22.merged.bam	./inputs/alignments/Young-6566-2sc22.merged.bam.bai	External placeholder	source/regional_controls/02.merged/run_all_platforms_array_hg19.sh
./inputs/alignments/Young-6566-2sc3.merged.bam	./inputs/alignments/Young-6566-2sc3.merged.bam.bai	External placeholder	source/regional_controls/02.merged/run_all_platforms_array_hg19.sh
./inputs/alignments/m84137_250211_013035_s1.bam	./inputs/alignments/m84137_250211_013035_s1.bam.bai	External placeholder	source/project/code/coverage/submit_mosdepth_cov.sh;source/regional_controls/02.merged/down_run_all_platforms_array_hg38.sh;source/regional_controls/02.merged/run_all_platforms_array_hg38.sh
./inputs/pta_hg38/7614_single_neuron_1.bam	./inputs/pta_hg38/7614_single_neuron_1.bam.bai	External placeholder	PTA_DIR/PTA_BAM_DIR loops in regional-control scripts
./inputs/pta_hg38/7614_single_neuron_10.bam	./inputs/pta_hg38/7614_single_neuron_10.bam.bai	External placeholder	PTA_DIR/PTA_BAM_DIR loops in regional-control scripts
./inputs/pta_hg38/7614_single_neuron_11.bam	./inputs/pta_hg38/7614_single_neuron_11.bam.bai	External placeholder	PTA_DIR/PTA_BAM_DIR loops in regional-control scripts
./inputs/pta_hg38/7614_single_neuron_12.bam	./inputs/pta_hg38/7614_single_neuron_12.bam.bai	External placeholder	PTA_DIR/PTA_BAM_DIR loops in regional-control scripts
./inputs/pta_hg38/7614_single_neuron_13.bam	./inputs/pta_hg38/7614_single_neuron_13.bam.bai	External placeholder	PTA_DIR/PTA_BAM_DIR loops in regional-control scripts
./inputs/pta_hg38/7614_single_neuron_14.bam	./inputs/pta_hg38/7614_single_neuron_14.bam.bai	External placeholder	PTA_DIR/PTA_BAM_DIR loops in regional-control scripts
./inputs/pta_hg38/7614_single_neuron_15.bam	./inputs/pta_hg38/7614_single_neuron_15.bam.bai	External placeholder	PTA_DIR/PTA_BAM_DIR loops in regional-control scripts
./inputs/pta_hg38/7614_single_neuron_16.bam	./inputs/pta_hg38/7614_single_neuron_16.bam.bai	External placeholder	PTA_DIR/PTA_BAM_DIR loops in regional-control scripts
./inputs/pta_hg38/7614_single_neuron_2.bam	./inputs/pta_hg38/7614_single_neuron_2.bam.bai	External placeholder	PTA_DIR/PTA_BAM_DIR loops in regional-control scripts
./inputs/pta_hg38/7614_single_neuron_3.bam	./inputs/pta_hg38/7614_single_neuron_3.bam.bai	External placeholder	PTA_DIR/PTA_BAM_DIR loops in regional-control scripts
./inputs/pta_hg38/7614_single_neuron_4.bam	./inputs/pta_hg38/7614_single_neuron_4.bam.bai	External placeholder	PTA_DIR/PTA_BAM_DIR loops in regional-control scripts
./inputs/pta_hg38/7614_single_neuron_5.bam	./inputs/pta_hg38/7614_single_neuron_5.bam.bai	External placeholder	PTA_DIR/PTA_BAM_DIR loops in regional-control scripts
./inputs/pta_hg38/7614_single_neuron_6.bam	./inputs/pta_hg38/7614_single_neuron_6.bam.bai	External placeholder	PTA_DIR/PTA_BAM_DIR loops in regional-control scripts
./inputs/pta_hg38/7614_single_neuron_7.bam	./inputs/pta_hg38/7614_single_neuron_7.bam.bai	External placeholder	PTA_DIR/PTA_BAM_DIR loops in regional-control scripts
./inputs/pta_hg38/7614_single_neuron_8.bam	./inputs/pta_hg38/7614_single_neuron_8.bam.bai	External placeholder	PTA_DIR/PTA_BAM_DIR loops in regional-control scripts
./inputs/pta_hg38/7614_single_neuron_9.bam	./inputs/pta_hg38/7614_single_neuron_9.bam.bai	External placeholder	PTA_DIR/PTA_BAM_DIR loops in regional-control scripts
./work/project/data/donwsampling/ppmseq/100x_7614.cram	./work/project/data/donwsampling/ppmseq/100x_7614.cram.crai	Stage input/output; not bundled	source/project/code/downsampling/downsample.sh;source/project/code/downsampling/downsample_30x.sh;source/regional_controls/02.merged/down_run_all_platforms_array_hg38.sh;source/regional_controls/05.cleaned_bam/scripts/run_mixed_mixed_ppm_arrays.sh
./work/project/data/donwsampling/ppmseq/200x_7614.cram	./work/project/data/donwsampling/ppmseq/200x_7614.cram.crai	Stage input/output; not bundled	source/project/code/downsampling/downsample_30x.sh;source/regional_controls/02.merged/down_run_all_platforms_array_hg38.sh;source/regional_controls/05.cleaned_bam/scripts/run_mixed_mixed_ppm_arrays.sh
./work/project/data/donwsampling/ppmseq/30x_7614.cram	./work/project/data/donwsampling/ppmseq/30x_7614.cram.crai	Stage input/output; not bundled	source/project/code/coverage/submit_mosdepth_cov.sh;source/regional_controls/02.merged/down_run_all_platforms_array_hg38.sh;source/regional_controls/05.cleaned_bam/scripts/run_mixed_mixed_ppm_arrays.sh
./work/project/data/donwsampling/udseq/30x_7614-Cortex-L-T_D.bam	./work/project/data/donwsampling/udseq/30x_7614-Cortex-L-T_D.bam.bai	Stage input/output; not bundled	source/project/code/coverage/submit_mosdepth_cov.sh;source/project/code/downsampling/downsample_30x.sh;source/regional_controls/02.merged/down_run_all_platforms_array_hg38.sh;source/regional_controls/05.cleaned_bam/scripts/run_duplex_nano_ud_arrays.sh
./work/project/data/donwsampling/udseq/30x_7614-Kidney-L_D.bam	./work/project/data/donwsampling/udseq/30x_7614-Kidney-L_D.bam.bai	Stage input/output; not bundled	source/project/code/downsampling/downsample.sh
./work/project/data/illumina_hg38_bam/7614_illumina_brain_somatic.bam	./work/project/data/illumina_hg38_bam/7614_illumina_brain_somatic.bam.bai	Stage input/output; not bundled	source/project/code/downsampling/downsample_30x.sh;source/regional_controls/02.merged/down_run_all_platforms_array_hg38.sh;source/regional_controls/02.merged/run_all_platforms_array_hg38.sh;source/regional_controls/06.trinuc_composition/finished_scripts/submit_trinuc_round2_serial.sh;source/regional_controls/06.trinuc_composition/tmp/submit_trinuc_ibp_round2.sh
./work/project/data/illumina_hg38_bam/illumina_100x.bam	./work/project/data/illumina_hg38_bam/illumina_100x.bam.bai	Stage input/output; not bundled	source/regional_controls/02.merged/down_run_all_platforms_array_hg38.sh;source/regional_controls/06.trinuc_composition/finished_scripts/submit_trinuc_round2_serial.sh;source/regional_controls/06.trinuc_composition/tmp/submit_trinuc_ibp_round2.sh
./work/project/data/illumina_hg38_bam/illumina_200x.bam	./work/project/data/illumina_hg38_bam/illumina_200x.bam.bai	Stage input/output; not bundled	source/project/code/downsampling/downsample_30x.sh;source/regional_controls/02.merged/down_run_all_platforms_array_hg38.sh;source/regional_controls/06.trinuc_composition/finished_scripts/submit_trinuc_round2_serial.sh;source/regional_controls/06.trinuc_composition/tmp/submit_trinuc_ibp_round2.sh
./work/project/data/illumina_hg38_bam/illumina_30x.bam	./work/project/data/illumina_hg38_bam/illumina_30x.bam.bai	Stage input/output; not bundled	source/project/code/coverage/submit_mosdepth_cov.sh;source/regional_controls/02.merged/down_run_all_platforms_array_hg38.sh;source/regional_controls/06.trinuc_composition/finished_scripts/submit_trinuc_round2_serial.sh;source/regional_controls/06.trinuc_composition/tmp/submit_trinuc_ibp_round2.sh
./work/regional_controls/05.cleaned_bam/7614.7614.7614.ccs.filtered.aligned.sorted.bam	./work/regional_controls/05.cleaned_bam/7614.7614.7614.ccs.filtered.aligned.sorted.bam.bai	Stage input/output; not bundled	source/regional_controls/06.trinuc_composition/finished_scripts/re_hidef_round2.sh
